{"stats":{"minecraft:dropped":{"minecraft:diamond_sword":1,"minecraft:ender_pearl":1,"minecraft:pig_spawn_egg":1,"minecraft:carved_pumpkin":1,"minecraft:sheep_spawn_egg":1,"minecraft:oak_sign":1,"minecraft:carrot_on_a_stick":1},"minecraft:killed_by":{"minecraft:enderman":2},"minecraft:used":{"minecraft:lever":2,"minecraft:ender_eye":12,"minecraft:water_bucket":2,"minecraft:sea_lantern":32,"minecraft:end_stone_bricks":30,"minecraft:grass_block":45,"minecraft:pig_spawn_egg":1,"minecraft:poppy":1,"minecraft:oak_sign":14,"minecraft:ender_pearl":2,"minecraft:spruce_planks":9,"minecraft:iron_sword":9,"minecraft:sheep_spawn_egg":1,"minecraft:oak_leaves":3,"minecraft:diamond_sword":7,"minecraft:dirt":11,"minecraft:bucket":16,"minecraft:gold_block":1,"minecraft:end_portal_frame":12,"minecraft:end_stone":6,"minecraft:stripped_spruce_log":11,"minecraft:obsidian":74},"minecraft:mined":{"minecraft:grass":1,"minecraft:poppy":2},"minecraft:killed":{"minecraft:pig":1,"minecraft:enderman":2},"minecraft:custom":{"minecraft:time_since_rest":1192,"minecraft:sprint_one_cm":57474,"minecraft:damage_taken":550,"minecraft:walk_one_cm":85218,"minecraft:mob_kills":4,"minecraft:drop":7,"minecraft:damage_dealt":1326,"minecraft:fly_one_cm":256297,"minecraft:pig_one_cm":6535,"minecraft:crouch_one_cm":445,"minecraft:play_time":46100,"minecraft:deaths":2,"minecraft:sneak_time":558,"minecraft:walk_under_water_one_cm":204,"minecraft:jump":344,"minecraft:leave_game":7,"minecraft:time_since_death":8541,"minecraft:walk_on_water_one_cm":31010,"minecraft:total_world_time":46100,"minecraft:fall_one_cm":2292},"minecraft:picked_up":{"minecraft:end_stone_bricks":1,"minecraft:sheep_spawn_egg":1,"minecraft:stone_button":2,"minecraft:oak_sign":5,"minecraft:poppy":2,"minecraft:obsidian":1,"minecraft:ender_pearl":3}},"DataVersion":3578}